ligand_number,enumeration,conformer_number,name,score,smiles,lowest_conformer
0,0,0,0,-14.506,[H]OC1(C(=O)N2C([H])([H])C([H])([H])C([H])([H])C([H])(n3nc(-c4c([H])c([H])c(Oc5c([H])c([H])c(F)c([H])c5F)c([H])c4[H])c(C(=O)N([H])[H])c3N([H])[H])C2([H])[H])c2c([H])c([H])c(C([H])([H])[H])c(Oc3c([H])c([H])c4c(c3[H])C([H])([H])N(C(=O)C([H])(N([H])C(=O)C([H])(N([H])C([H])([H])[H])C([H])([H])[H])C(C([H])([H])[H])(C([H])([H])[H])C([H])([H])[H])C([H])(C(=O)N([H])C3([H])c5c([H])c([H])c([H])c([H])c5C([H])([H])C([H])([H])C3([H])[H])C4([H])[H])c2C([H])([H])C1([H])[H],True
1,0,0,1,-15.954,[H]c1c([H])c([H])c2c(c1[H])C([H])([H])C([H])([H])C([H])([H])C2([H])N([H])C(=O)C1([H])N(C(=O)C([H])(N([H])C(=O)C([H])(N([H])C([H])([H])[H])C([H])([H])[H])C(C([H])([H])[H])(C([H])([H])[H])C([H])([H])[H])C([H])([H])c2c([H])c(Oc3c(C([H])([H])[H])c([H])c([H])c([H])c3C([H])(C([H])([H])C([H])([H])C(=O)N3C([H])([H])C([H])([H])C([H])([H])C([H])(n4nc(-c5c([H])c([H])c(Oc6c([H])c([H])c(F)c([H])c6F)c([H])c5[H])c(C(=O)N([H])[H])c4N([H])[H])C3([H])[H])[N+]([H])([H])[H])c([H])c([H])c2C1([H])[H],True
2,0,0,2,-14.35,[H]c1c([H])c([H])c2c(c1[H])C([H])([H])C([H])([H])C([H])([H])C2([H])N([H])C(=O)C1([H])N(C(=O)C([H])(N([H])C(=O)C([H])(N([H])C([H])([H])[H])C([H])([H])[H])C(C([H])([H])[H])(C([H])([H])[H])C([H])([H])[H])C([H])([H])c2c([H])c(OC3([H])C([H])([H])C([H])([H])c4c([H])c([H])c(C([H])([H])[H])c([H])c4C([H])([N+]([H])(C([H])([H])C([H])([H])[H])C([H])([H])C([H])([H])C(=O)N4C([H])([H])C([H])([H])C([H])([H])C([H])(n5nc(-c6c([H])c([H])c(Oc7c([H])c([H])c(F)c([H])c7F)c([H])c6[H])c(C(=O)N([H])[H])c5N([H])[H])C4([H])[H])C3([H])[H])c([H])c([H])c2C1([H])[H],True
3,0,0,3,-11.485,[H]c1c([H])c([H])c2c(c1[H])C([H])([H])C([H])([H])C([H])([H])C2([H])N([H])C(=O)C1([H])N(C(=O)C([H])(N([H])C(=O)C([H])(N([H])C([H])([H])[H])C([H])([H])[H])C(C([H])([H])[H])(C([H])([H])[H])C([H])([H])[H])C([H])([H])c2c([H])c(OC3([H])C([H])([H])C([H])([H])C([H])([H])C([H])([H])C([H])([H])C3([H])C([H])([H])c3c([H])c([H])c(C([H])([H])N([H])C(=O)N4C([H])([H])C([H])([H])C([H])([H])C([H])(n5nc(-c6c([H])c([H])c(Oc7c([H])c([H])c(F)c([H])c7F)c([H])c6[H])c(C(=O)N([H])[H])c5N([H])[H])C4([H])[H])c([H])c3[H])c([H])c([H])c2C1([H])[H],True
4,0,0,4,-11.794,[H]c1c([H])c([H])c2c(c1[H])C([H])([H])C([H])([H])C([H])([H])C2([H])N([H])C(=O)C1([H])N(C(=O)C([H])(N([H])C(=O)C([H])(N([H])C([H])([H])[H])C([H])([H])[H])C(C([H])([H])[H])(C([H])([H])[H])C([H])([H])[H])C([H])([H])c2c([H])c(Oc3c([H])c(C([H])([H])C([H])([H])N([H])C(=O)N4C([H])([H])C([H])([H])C([H])([H])C([H])(n5nc(-c6c([H])c([H])c(Oc7c([H])c([H])c(F)c([H])c7F)c([H])c6[H])c(C(=O)N([H])[H])c5N([H])[H])C4([H])[H])c4c(c3F)C(=O)C([H])([H])C([H])([H])C([H])([H])C4([H])[H])c([H])c([H])c2C1([H])[H],True
5,0,0,5,-13.249,[H]c1c([H])c([H])c2c(c1[H])C([H])([H])C([H])([H])C([H])([H])C2([H])N([H])C(=O)C1([H])N(C(=O)C([H])(N([H])C(=O)C([H])(N([H])C([H])([H])[H])C([H])([H])[H])C(C([H])([H])[H])(C([H])([H])[H])C([H])([H])[H])C([H])([H])c2c([H])c(Oc3c([H])c([H])c(C([H])(C([H])([H])C([H])([H])C([H])([H])C([H])([H])C(=O)N4C([H])([H])C([H])([H])C([H])([H])C([H])(n5nc(-c6c([H])c([H])c(Oc7c([H])c([H])c(F)c([H])c7F)c([H])c6[H])c(C(=O)N([H])[H])c5N([H])[H])C4([H])[H])[N+]([H])([H])[H])c([H])c3[H])c([H])c([H])c2C1([H])[H],True
6,0,0,6,-14.317,[H]c1c([H])c([H])c2c(c1[H])C([H])([H])C([H])([H])C([H])([H])C2([H])N([H])C(=O)C1([H])N(C(=O)C([H])(N([H])C(=O)C([H])(N([H])C([H])([H])[H])C([H])([H])[H])C(C([H])([H])[H])(C([H])([H])[H])C([H])([H])[H])C([H])([H])c2c([H])c(OC([H])([H])C([H])([H])c3c([H])c([H])c(C([H])(N([H])C(=O)N4C([H])([H])C([H])([H])C([H])([H])C([H])(n5nc(-c6c([H])c([H])c(Oc7c([H])c([H])c(F)c([H])c7F)c([H])c6[H])c(C(=O)N([H])[H])c5N([H])[H])C4([H])[H])C([H])([H])[H])c(C([H])([H])[H])c3C([H])([H])[H])c([H])c([H])c2C1([H])[H],True
7,0,0,7,-13.316,[H]c1c([H])c([H])c2c(c1[H])C([H])([H])C([H])([H])C([H])([H])C2([H])N([H])C(=O)C1([H])N(C(=O)C([H])(N([H])C(=O)C([H])(N([H])C([H])([H])[H])C([H])([H])[H])C(C([H])([H])[H])(C([H])([H])[H])C([H])([H])[H])C([H])([H])c2c([H])c(OC([H])([H])c3c([H])c([H])c([H])c(C([H])([H])C(C(=O)N4C([H])([H])C([H])([H])C([H])([H])C([H])(n5nc(-c6c([H])c([H])c(Oc7c([H])c([H])c(F)c([H])c7F)c([H])c6[H])c(C(=O)N([H])[H])c5N([H])[H])C4([H])[H])(C([H])([H])[H])C([H])([H])C([H])([H])[H])c3[H])c([H])c([H])c2C1([H])[H],True
8,0,0,8,-10.047,[H]c1c([H])c([H])c2c(c1[H])C([H])([H])C([H])([H])C([H])([H])C2([H])N([H])C(=O)C1([H])N(C(=O)C([H])(N([H])C(=O)C([H])(N([H])C([H])([H])[H])C([H])([H])[H])C(C([H])([H])[H])(C([H])([H])[H])C([H])([H])[H])C([H])([H])c2c([H])c(OC([H])([H])C([H])([H])[N+]([H])([H])C([H])([H])C(=O)N([H])C3([H])c4c([H])c([H])c([H])c(C(=O)N5C([H])([H])C([H])([H])C([H])([H])C([H])(n6nc(-c7c([H])c([H])c(Oc8c([H])c([H])c(F)c([H])c8F)c([H])c7[H])c(C(=O)N([H])[H])c6N([H])[H])C5([H])[H])c4C([H])([H])C3([H])[H])c([H])c([H])c2C1([H])[H],True
9,0,0,9,-15.397,[H]c1c([H])c(Oc2c([H])c([H])c3c(c2[H])C([H])([H])N(C(=O)C([H])(N([H])C(=O)C([H])(N([H])C([H])([H])[H])C([H])([H])[H])C(C([H])([H])[H])(C([H])([H])[H])C([H])([H])[H])C([H])(C(=O)N([H])C2([H])c4c([H])c([H])c([H])c([H])c4C([H])([H])C([H])([H])C2([H])[H])C3([H])[H])c(C([H])([H])[H])c(C([H])([H])C([H])([H])N([H])C(=O)N2C([H])([H])C([H])([H])C([H])([H])C([H])(n3nc(-c4c([H])c([H])c(Oc5c([H])c([H])c(F)c([H])c5F)c([H])c4[H])c(C(=O)N([H])[H])c3N([H])[H])C2([H])[H])c1[H],True
10,0,0,10,-14.286,[H]c1c([H])c([H])c2c(c1[H])C([H])([H])C([H])([H])C([H])([H])C2([H])N([H])C(=O)C1([H])N(C(=O)C([H])(N([H])C(=O)C([H])(N([H])C([H])([H])[H])C([H])([H])[H])C(C([H])([H])[H])(C([H])([H])[H])C([H])([H])[H])C([H])([H])c2c([H])c(OC([H])([H])c3c([H])c([H])c(C4([H])C([H])([H])C([H])([H])C5(C(=O)N6C([H])([H])C([H])([H])C([H])([H])C([H])(n7nc(-c8c([H])c([H])c(Oc9c([H])c([H])c(F)c([H])c9F)c([H])c8[H])c(C(=O)N([H])[H])c7N([H])[H])C6([H])[H])C([H])(C([H])([H])[H])C([H])(C([H])([H])[H])C([H])([H])C([H])([H])C45C([H])([H])[H])c([H])c3[H])c([H])c([H])c2C1([H])[H],True
11,0,0,11,-13.372,[H]Oc1c(C([H])([H])[H])c(C2([H])C([H])([H])C([H])([H])C([H])(Oc3c([H])c([H])c4c(c3[H])C([H])([H])N(C(=O)C([H])(N([H])C(=O)C([H])(N([H])C([H])([H])[H])C([H])([H])[H])C(C([H])([H])[H])(C([H])([H])[H])C([H])([H])[H])C([H])(C(=O)N([H])C3([H])c5c([H])c([H])c([H])c([H])c5C([H])([H])C([H])([H])C3([H])[H])C4([H])[H])C2([H])[N+]([H])([H])[H])c([H])c([H])c1C([H])(C(=O)N1C([H])([H])C([H])([H])C([H])([H])C([H])(n2nc(-c3c([H])c([H])c(Oc4c([H])c([H])c(F)c([H])c4F)c([H])c3[H])c(C(=O)N([H])[H])c2N([H])[H])C1([H])[H])C([H])([H])[H],True
12,0,0,12,-14.737,[H]c1c([H])c([H])c2c(c1[H])C([H])([H])C([H])([H])C([H])([H])C2([H])N([H])C(=O)C1([H])N(C(=O)C([H])(N([H])C(=O)C([H])(N([H])C([H])([H])[H])C([H])([H])[H])C(C([H])([H])[H])(C([H])([H])[H])C([H])([H])[H])C([H])([H])c2c([H])c(OC3([H])C([H])([H])C([H])([H])N(C(=O)C([H])([H])C4(N([H])C(=O)N5C([H])([H])C([H])([H])C([H])([H])C([H])(n6nc(-c7c([H])c([H])c(Oc8c([H])c([H])c(F)c([H])c8F)c([H])c7[H])c(C(=O)N([H])[H])c6N([H])[H])C5([H])[H])C([H])([H])C([H])([H])C([H])(c5c([H])c([H])c([H])c(C([H])([H])[H])c5[H])C([H])([H])C4([H])[H])C([H])([H])C3([H])[H])c([H])c([H])c2C1([H])[H],True
13,0,0,13,-12.597,[H]c1c([H])c([H])c2c(c1[H])C([H])([H])C([H])([H])C([H])([H])C2([H])N([H])C(=O)C1([H])N(C(=O)C([H])(N([H])C(=O)C([H])(N([H])C([H])([H])[H])C([H])([H])[H])C(C([H])([H])[H])(C([H])([H])[H])C([H])([H])[H])C([H])([H])c2c([H])c(Oc3c(C([H])([H])[H])c([H])c([H])c4c3C([H])(N(C(=O)N3C([H])([H])C([H])([H])C([H])([H])C([H])(n5nc(-c6c([H])c([H])c(Oc7c([H])c([H])c(F)c([H])c7F)c([H])c6[H])c(C(=O)N([H])[H])c5N([H])[H])C3([H])[H])C([H])([H])[H])C([H])([H])C([H])([H])C4([H])[H])c([H])c([H])c2C1([H])[H],True
15,0,0,15,-14.475,[H]OC1([H])c2c([H])c(C([H])([H])[H])c([H])c(Oc3c([H])c([H])c4c(c3[H])C([H])([H])N(C(=O)C([H])(N([H])C(=O)C([H])(N([H])C([H])([H])[H])C([H])([H])[H])C(C([H])([H])[H])(C([H])([H])[H])C([H])([H])[H])C([H])(C(=O)N([H])C3([H])c5c([H])c([H])c([H])c([H])c5C([H])([H])C([H])([H])C3([H])[H])C4([H])[H])c2C2(C1([H])[H])C([H])([H])C([H])([H])C2([H])N([H])C(=O)N1C([H])([H])C([H])([H])C([H])([H])C([H])(n2nc(-c3c([H])c([H])c(Oc4c([H])c([H])c(F)c([H])c4F)c([H])c3[H])c(C(=O)N([H])[H])c2N([H])[H])C1([H])[H],True
16,0,0,16,-14.935,[H]N=C(C([H])([H])Oc1c([H])c([H])c2c(c1[H])C([H])([H])N(C(=O)C([H])(N([H])C(=O)C([H])(N([H])C([H])([H])[H])C([H])([H])[H])C(C([H])([H])[H])(C([H])([H])[H])C([H])([H])[H])C([H])(C(=O)N([H])C1([H])c3c([H])c([H])c([H])c([H])c3C([H])([H])C([H])([H])C1([H])[H])C2([H])[H])C([H])([H])C12C([H])([H])C([H])([H])C(N([H])C(=O)N3C([H])([H])C([H])([H])C([H])([H])C([H])(n4nc(-c5c([H])c([H])c(Oc6c([H])c([H])c(F)c([H])c6F)c([H])c5[H])c(C(=O)N([H])[H])c4N([H])[H])C3([H])[H])(C([H])([H])C1([H])[H])C2([H])[H],True
17,0,0,17,-14.54,[H]c1c([H])c([H])c2c(c1[H])C([H])([H])C([H])([H])C([H])([H])C2([H])N([H])C(=O)C1([H])N(C(=O)C([H])(N([H])C(=O)C([H])(N([H])C([H])([H])[H])C([H])([H])[H])C(C([H])([H])[H])(C([H])([H])[H])C([H])([H])[H])C([H])([H])c2c([H])c(Oc3c([H])c(N([H])[H])c([H])c(C([H])([H])C4([H])C([H])([H])C([H])([H])N(C(=O)N5C([H])([H])C([H])([H])C([H])([H])C([H])(n6nc(-c7c([H])c([H])c(Oc8c([H])c([H])c(F)c([H])c8F)c([H])c7[H])c(C(=O)N([H])[H])c6N([H])[H])C5([H])[H])C([H])([H])C4([H])[H])c3[H])c([H])c([H])c2C1([H])[H],True
18,0,0,18,-15.009,[H]c1c([H])c([H])c2c(c1[H])C([H])([H])C([H])([H])C([H])([H])C2([H])N([H])C(=O)C1([H])N(C(=O)C([H])(N([H])C(=O)C([H])(N([H])C([H])([H])[H])C([H])([H])[H])C(C([H])([H])[H])(C([H])([H])[H])C([H])([H])[H])C([H])([H])c2c([H])c(Oc3c([H])c(C([H])([H])[H])c(C([H])([H])[H])c(C([H])([H])C([H])([H])C([H])([H])N([H])C(=O)N4C([H])([H])C([H])([H])C([H])([H])C([H])(n5nc(-c6c([H])c([H])c(Oc7c([H])c([H])c(F)c([H])c7F)c([H])c6[H])c(C(=O)N([H])[H])c5N([H])[H])C4([H])[H])c3C([H])([H])[H])c([H])c([H])c2C1([H])[H],True
19,0,0,19,-12.809,[H]c1c([H])c([H])c2c(c1[H])C([H])([H])C([H])([H])C([H])([H])C2([H])N([H])C(=O)C1([H])N(C(=O)C([H])(N([H])C(=O)C([H])(N([H])C([H])([H])[H])C([H])([H])[H])C(C([H])([H])[H])(C([H])([H])[H])C([H])([H])[H])C([H])([H])c2c([H])c(OC([H])([H])C([H])([H])N([H])C(=O)c3c([H])c(C([H])([H])[H])c([H])c(C4([H])C([H])([H])C([H])(C(=O)N5C([H])([H])C([H])([H])C([H])([H])C([H])(n6nc(-c7c([H])c([H])c(Oc8c([H])c([H])c(F)c([H])c8F)c([H])c7[H])c(C(=O)N([H])[H])c6N([H])[H])C5([H])[H])C([H])(C([H])([H])[H])C5([H])C([H])([H])C45[H])c3[H])c([H])c([H])c2C1([H])[H],True
20,0,0,20,-11.415,[H]c1c([H])c([H])c2c(c1[H])C([H])([H])C([H])([H])C([H])([H])C2([H])N([H])C(=O)C1([H])N(C(=O)C([H])(N([H])C(=O)C([H])(N([H])C([H])([H])[H])C([H])([H])[H])C(C([H])([H])[H])(C([H])([H])[H])C([H])([H])[H])C([H])([H])c2c([H])c(Oc3c([H])c(C(=O)N([H])C([H])([H])C([H])([H])C([H])([H])C(=O)N4C([H])([H])C([H])([H])C([H])([H])C([H])(n5nc(-c6c([H])c([H])c(Oc7c([H])c([H])c(F)c([H])c7F)c([H])c6[H])c(C(=O)N([H])[H])c5N([H])[H])C4([H])[H])c([H])c4c3C([H])([H])C(=O)C([H])([H])C([H])([H])C4([H])[H])c([H])c([H])c2C1([H])[H],True
21,0,0,21,-9.059,[H]c1c([H])c([H])c2c(c1[H])C([H])([H])C([H])([H])C([H])([H])C2([H])N([H])C(=O)C1([H])N(C(=O)C([H])(N([H])C(=O)C([H])(N([H])C([H])([H])[H])C([H])([H])[H])C(C([H])([H])[H])(C([H])([H])[H])C([H])([H])[H])C([H])([H])c2c([H])c(OC([H])([H])C([H])([H])C([H])([H])c3c([H])c([H])c(N(C(=O)N4C([H])([H])C([H])([H])C([H])([H])C([H])(n5nc(-c6c([H])c([H])c(Oc7c([H])c([H])c(F)c([H])c7F)c([H])c6[H])c(C(=O)N([H])[H])c5N([H])[H])C4([H])[H])C([H])([H])C([H])([H])C([H])([H])[H])c([H])c3C([H])([H])[H])c([H])c([H])c2C1([H])[H],True
22,0,0,22,-15.355,[H]c1c([H])c([H])c2c(c1[H])C([H])([H])C([H])([H])C([H])([H])C2([H])N([H])C(=O)C1([H])N(C(=O)C([H])(N([H])C(=O)C([H])(N([H])C([H])([H])[H])C([H])([H])[H])C(C([H])([H])[H])(C([H])([H])[H])C([H])([H])[H])C([H])([H])c2c([H])c(Oc3c([H])c([H])c(C([H])([H])C(=O)N4C([H])([H])C([H])([H])C([H])([H])C([H])(n5nc(-c6c([H])c([H])c(Oc7c([H])c([H])c(F)c([H])c7F)c([H])c6[H])c(C(=O)N([H])[H])c5N([H])[H])C4([H])[H])c4c3C(=O)C([H])(C([H])([H])[H])C([H])([H])C4([H])[H])c([H])c([H])c2C1([H])[H],True
23,0,0,23,-11.947,[H]c1c([H])c(C(=O)N([H])C(=O)N2C([H])([H])C([H])([H])C([H])([H])C([H])(n3nc(-c4c([H])c([H])c(Oc5c([H])c([H])c(F)c([H])c5F)c([H])c4[H])c(C(=O)N([H])[H])c3N([H])[H])C2([H])[H])c(C([H])([H])C([H])([H])C([H])([H])C([H])([H])Oc2c([H])c([H])c3c(c2[H])C([H])([H])N(C(=O)C([H])(N([H])C(=O)C([H])(N([H])C([H])([H])[H])C([H])([H])[H])C(C([H])([H])[H])(C([H])([H])[H])C([H])([H])[H])C([H])(C(=O)N([H])C2([H])c4c([H])c([H])c([H])c([H])c4C([H])([H])C([H])([H])C2([H])[H])C3([H])[H])c(C([H])([H])[H])c1[H],True
24,0,0,24,-15.074,[H]c1c([H])c([H])c2c(c1[H])C([H])([H])C([H])([H])C([H])([H])C2([H])N([H])C(=O)C1([H])N(C(=O)C([H])(N([H])C(=O)C([H])(N([H])C([H])([H])[H])C([H])([H])[H])C(C([H])([H])[H])(C([H])([H])[H])C([H])([H])[H])C([H])([H])c2c([H])c(Oc3c([H])c(C([H])([H])C([H])([H])C([H])([H])N([H])C(=O)N4C([H])([H])C([H])([H])C([H])([H])C([H])(n5nc(-c6c([H])c([H])c(Oc7c([H])c([H])c(F)c([H])c7F)c([H])c6[H])c(C(=O)N([H])[H])c5N([H])[H])C4([H])[H])c(C([H])([H])[H])c([H])c3C3([H])C([H])([H])C3([H])[H])c([H])c([H])c2C1([H])[H],True
25,0,0,25,-13.353,[H]Oc1c(C([H])([H])[H])c([H])c(C([H])([H])Oc2c([H])c([H])c3c(c2[H])C([H])([H])N(C(=O)C([H])(N([H])C(=O)C([H])(N([H])C([H])([H])[H])C([H])([H])[H])C(C([H])([H])[H])(C([H])([H])[H])C([H])([H])[H])C([H])(C(=O)N([H])C2([H])c4c([H])c([H])c([H])c([H])c4C([H])([H])C([H])([H])C2([H])[H])C3([H])[H])c([H])c1C([H])([H])C([H])([H])C([H])([H])C(=O)N1C([H])([H])C([H])([H])C([H])([H])C([H])(n2nc(-c3c([H])c([H])c(Oc4c([H])c([H])c(F)c([H])c4F)c([H])c3[H])c(C(=O)N([H])[H])c2N([H])[H])C1([H])[H],True
26,0,0,26,-11.521,[H]C(=C1c2c([H])c([H])c(C([H])([H])C([H])([H])C([H])([H])N(C(=O)N3C([H])([H])C([H])([H])C([H])([H])C([H])(n4nc(-c5c([H])c([H])c(Oc6c([H])c([H])c(F)c([H])c6F)c([H])c5[H])c(C(=O)N([H])[H])c4N([H])[H])C3([H])[H])C([H])([H])[H])c([H])c2C([H])([H])C1([H])[H])C([H])([H])Oc1c([H])c([H])c2c(c1[H])C([H])([H])N(C(=O)C([H])(N([H])C(=O)C([H])(N([H])C([H])([H])[H])C([H])([H])[H])C(C([H])([H])[H])(C([H])([H])[H])C([H])([H])[H])C([H])(C(=O)N([H])C1([H])c3c([H])c([H])c([H])c([H])c3C([H])([H])C([H])([H])C1([H])[H])C2([H])[H],True
27,0,0,27,-15.619,[H]c1c([H])c(Oc2c([H])c([H])c3c(c2[H])C([H])([H])N(C(=O)C([H])(N([H])C(=O)C([H])(N([H])C([H])([H])[H])C([H])([H])[H])C(C([H])([H])[H])(C([H])([H])[H])C([H])([H])[H])C([H])(C(=O)N([H])C2([H])c4c([H])c([H])c([H])c([H])c4C([H])([H])C([H])([H])C2([H])[H])C3([H])[H])c2c(c1[H])C([H])([H])C([H])([H])c1sc(C(=O)N3C([H])([H])C([H])([H])C([H])([H])C([H])(n4nc(-c5c([H])c([H])c(Oc6c([H])c([H])c(F)c([H])c6F)c([H])c5[H])c(C(=O)N([H])[H])c4N([H])[H])C3([H])[H])c(C([H])([H])[H])c1C2=O,True
28,0,0,28,-17.369,[H]c1c([H])c([H])c2c(c1[H])C([H])([H])C([H])([H])C([H])([H])C2([H])N([H])C(=O)C1([H])N(C(=O)C([H])(N([H])C(=O)C([H])(N([H])C([H])([H])[H])C([H])([H])[H])C(C([H])([H])[H])(C([H])([H])[H])C([H])([H])[H])C([H])([H])c2c([H])c(Oc3c(C([H])([H])[H])c(C([H])([H])[H])c4c(c3C([H])([H])[H])C(C(=O)N3C([H])([H])C([H])([H])C([H])([H])C([H])(n5nc(-c6c([H])c([H])c(Oc7c([H])c([H])c(F)c([H])c7F)c([H])c6[H])c(C(=O)N([H])[H])c5N([H])[H])C3([H])[H])(C([H])([H])[H])C([H])([H])C([H])(C([H])([H])[H])C4([H])[H])c([H])c([H])c2C1([H])[H],True
29,0,0,29,-10.549,[H]c1c([H])c([H])c2c(c1[H])C([H])([H])C([H])([H])C([H])([H])C2([H])N([H])C(=O)C1([H])N(C(=O)C([H])(N([H])C(=O)C([H])(N([H])C([H])([H])[H])C([H])([H])[H])C(C([H])([H])[H])(C([H])([H])[H])C([H])([H])[H])C([H])([H])c2c([H])c(Oc3c([H])c(C([H])([H])C([H])([H])C([H])([H])C([H])([H])C([H])([H])N([H])C(=O)N4C([H])([H])C([H])([H])C([H])([H])C([H])(n5nc(-c6c([H])c([H])c(Oc7c([H])c([H])c(F)c([H])c7F)c([H])c6[H])c(C(=O)N([H])[H])c5N([H])[H])C4([H])[H])c([H])c4c3C([H])([H])C([H])([H])C4=O)c([H])c([H])c2C1([H])[H],True
30,0,0,30,-16.799,[H]Oc1c([H])c([H])c(C([H])([H])C([H])(N([H])C(=O)N2C([H])([H])C([H])([H])C([H])([H])C([H])(n3nc(-c4c([H])c([H])c(Oc5c([H])c([H])c(F)c([H])c5F)c([H])c4[H])c(C(=O)N([H])[H])c3N([H])[H])C2([H])[H])C([H])([H])[H])c(C([H])([H])Oc2c([H])c([H])c3c(c2[H])C([H])([H])N(C(=O)C([H])(N([H])C(=O)C([H])(N([H])C([H])([H])[H])C([H])([H])[H])C(C([H])([H])[H])(C([H])([H])[H])C([H])([H])[H])C([H])(C(=O)N([H])C2([H])c4c([H])c([H])c([H])c([H])c4C([H])([H])C([H])([H])C2([H])[H])C3([H])[H])c1[H],True
31,0,0,31,-10.568,[H]c1c([H])c([H])c2c(c1[H])C([H])([H])C([H])([H])C([H])([H])C2([H])N([H])C(=O)C1([H])N(C(=O)C([H])(N([H])C(=O)C([H])(N([H])C([H])([H])[H])C([H])([H])[H])C(C([H])([H])[H])(C([H])([H])[H])C([H])([H])[H])C([H])([H])c2c([H])c(OC([H])([H])C([H])([H])N([H])C(=O)c3c([H])c([H])c4c(c3[H])C([H])([H])C([H])([H])C(C(=O)N3C([H])([H])C([H])([H])C([H])([H])C([H])(n5nc(-c6c([H])c([H])c(Oc7c([H])c([H])c(F)c([H])c7F)c([H])c6[H])c(C(=O)N([H])[H])c5N([H])[H])C3([H])[H])(C([H])([H])[H])C4([H])[H])c([H])c([H])c2C1([H])[H],True
32,0,0,32,-15.078,[H]c1c([H])c([H])c2c(c1[H])C([H])([H])C([H])([H])C([H])([H])C2([H])N([H])C(=O)C1([H])N(C(=O)C([H])(N([H])C(=O)C([H])(N([H])C([H])([H])[H])C([H])([H])[H])C(C([H])([H])[H])(C([H])([H])[H])C([H])([H])[H])C([H])([H])c2c([H])c(OC([H])([H])c3c([H])c([H])c([H])c(C([H])([H])C(C([H])([H])[H])(C([H])([H])[H])C([H])([H])C(=O)N4C([H])([H])C([H])([H])C([H])([H])C([H])(n5nc(-c6c([H])c([H])c(Oc7c([H])c([H])c(F)c([H])c7F)c([H])c6[H])c(C(=O)N([H])[H])c5N([H])[H])C4([H])[H])c3[H])c([H])c([H])c2C1([H])[H],True
33,0,0,33,-11.702,[H]Oc1c([H])c([H])c(C([H])([H])C([H])([H])[H])c([H])c1C([H])([H])C(C([H])([H])[H])(C([H])([H])C(=O)N1C([H])([H])C([H])([H])C([H])([H])C([H])(n2nc(-c3c([H])c([H])c(Oc4c([H])c([H])c(F)c([H])c4F)c([H])c3[H])c(C(=O)N([H])[H])c2N([H])[H])C1([H])[H])C([H])([H])C([H])([H])C([H])([H])C([H])([H])C([H])([H])C([H])([H])Oc1c([H])c([H])c2c(c1[H])C([H])([H])N(C(=O)C([H])(N([H])C(=O)C([H])(N([H])C([H])([H])[H])C([H])([H])[H])C(C([H])([H])[H])(C([H])([H])[H])C([H])([H])[H])C([H])(C(=O)N([H])C1([H])c3c([H])c([H])c([H])c([H])c3C([H])([H])C([H])([H])C1([H])[H])C2([H])[H],True
34,0,0,34,-13.243,[H]c1c([H])c([H])c(C(=O)C([H])([H])C([H])([H])C([H])([H])N([H])C(=O)N2C([H])([H])C([H])([H])C([H])([H])C([H])(n3nc(-c4c([H])c([H])c(Oc5c([H])c([H])c(F)c([H])c5F)c([H])c4[H])c(C(=O)N([H])[H])c3N([H])[H])C2([H])[H])c(Oc2c([H])c([H])c3c(c2[H])C([H])([H])N(C(=O)C([H])(N([H])C(=O)C([H])(N([H])C([H])([H])[H])C([H])([H])[H])C(C([H])([H])[H])(C([H])([H])[H])C([H])([H])[H])C([H])(C(=O)N([H])C2([H])c4c([H])c([H])c([H])c([H])c4C([H])([H])C([H])([H])C2([H])[H])C3([H])[H])c1[H],True
35,0,0,35,8.76,[H]c1c([H])c([H])c2c(c1[H])C([H])([H])C([H])([H])C([H])([H])C2([H])N([H])C(=O)C1([H])N(C(=O)C([H])(N([H])C(=O)C([H])(N([H])C([H])([H])[H])C([H])([H])[H])C(C([H])([H])[H])(C([H])([H])[H])C([H])([H])[H])C([H])([H])c2c([H])c(OC([H])([H])c3c([H])c(C(=O)C([H])([H])[H])c(C([H])([H])C([H])([H])C([H])([H])C([H])([H])C([H])([H])C([H])([H])[H])c(C([H])([H])C([H])([H])C([H])([H])C(=O)N4C([H])([H])C([H])([H])C([H])([H])C([H])(n5nc(-c6c([H])c([H])c(Oc7c([H])c([H])c(F)c([H])c7F)c([H])c6[H])c(C(=O)N([H])[H])c5N([H])[H])C4([H])[H])c3[H])c([H])c([H])c2C1([H])[H],True
36,0,0,36,-14.695,[H]C1=C(c2c([H])c(C([H])([H])[H])c(Oc3c([H])c([H])c4c(c3[H])C([H])([H])N(C(=O)C([H])(N([H])C(=O)C([H])(N([H])C([H])([H])[H])C([H])([H])[H])C(C([H])([H])[H])(C([H])([H])[H])C([H])([H])[H])C([H])(C(=O)N([H])C3([H])c5c([H])c([H])c([H])c([H])c5C([H])([H])C([H])([H])C3([H])[H])C4([H])[H])c(C([H])([H])[H])c2[H])C([H])([H])C([H])([H])C([H])(N([H])C(=O)N2C([H])([H])C([H])([H])C([H])([H])C([H])(n3nc(-c4c([H])c([H])c(Oc5c([H])c([H])c(F)c([H])c5F)c([H])c4[H])c(C(=O)N([H])[H])c3N([H])[H])C2([H])[H])C1([H])[H],True
37,0,0,37,-13.549,[H]c1c([H])c([H])c2c(c1[H])C([H])([H])C([H])([H])C([H])([H])C2([H])N([H])C(=O)C1([H])N(C(=O)C([H])(N([H])C(=O)C([H])(N([H])C([H])([H])[H])C([H])([H])[H])C(C([H])([H])[H])(C([H])([H])[H])C([H])([H])[H])C([H])([H])c2c([H])c(OC([H])([H])c3c([H])c([H])c([H])c(C([H])([H])C([H])([H])C([H])(N([H])C(=O)N4C([H])([H])C([H])([H])C([H])([H])C([H])(n5nc(-c6c([H])c([H])c(Oc7c([H])c([H])c(F)c([H])c7F)c([H])c6[H])c(C(=O)N([H])[H])c5N([H])[H])C4([H])[H])C([H])([H])[H])c3[H])c([H])c([H])c2C1([H])[H],True
38,0,0,38,-15.241,[H]c1c([H])c([H])c2c(c1[H])C([H])([H])C([H])([H])C([H])([H])C2([H])N([H])C(=O)C1([H])N(C(=O)C([H])(N([H])C(=O)C([H])(N([H])C([H])([H])[H])C([H])([H])[H])C(C([H])([H])[H])(C([H])([H])[H])C([H])([H])[H])C([H])([H])c2c([H])c(Oc3c([H])c([H])c([H])c(C4(C([H])([H])C(=O)N5C([H])([H])C([H])([H])C([H])([H])C([H])(n6nc(-c7c([H])c([H])c(Oc8c([H])c([H])c(F)c([H])c8F)c([H])c7[H])c(C(=O)N([H])[H])c6N([H])[H])C5([H])[H])C([H])([H])C(=O)C([H])([H])C4([H])[H])c3C([H])([H])[H])c([H])c([H])c2C1([H])[H],True
39,0,0,39,-10.286,[H]c1c([H])c([H])c2c(c1[H])C([H])([H])C([H])([H])C([H])([H])C2([H])N([H])C(=O)C1([H])N(C(=O)C([H])(N([H])C(=O)C([H])(N([H])C([H])([H])[H])C([H])([H])[H])C(C([H])([H])[H])(C([H])([H])[H])C([H])([H])[H])C([H])([H])c2c([H])c(OC([H])([H])C([H])([H])c3c(C([H])([H])[H])c([H])c(C([H])([H])C([H])(C(=O)N4C([H])([H])C([H])([H])C([H])([H])C([H])(n5nc(-c6c([H])c([H])c(Oc7c([H])c([H])c(F)c([H])c7F)c([H])c6[H])c(C(=O)N([H])[H])c5N([H])[H])C4([H])[H])C([H])([H])[H])c([H])c3C([H])([H])C([H])([H])[H])c([H])c([H])c2C1([H])[H],True
40,0,0,40,-12.215,[H]OC1([H])C([H])([H])c2c(Oc3c([H])c([H])c4c(c3[H])C([H])([H])N(C(=O)C([H])(N([H])C(=O)C([H])(N([H])C([H])([H])[H])C([H])([H])[H])C(C([H])([H])[H])(C([H])([H])[H])C([H])([H])[H])C([H])(C(=O)N([H])C3([H])c5c([H])c([H])c([H])c([H])c5C([H])([H])C([H])([H])C3([H])[H])C4([H])[H])c([H])c([H])c([H])c2C1([H])N(C(=O)N1C([H])([H])C([H])([H])C([H])([H])C([H])(n2nc(-c3c([H])c([H])c(Oc4c([H])c([H])c(F)c([H])c4F)c([H])c3[H])c(C(=O)N([H])[H])c2N([H])[H])C1([H])[H])C([H])([H])C([H])([H])C([H])([H])[H],True
41,0,0,41,-7.982,[H]c1c([H])c([H])c2c(c1[H])C([H])([H])C([H])([H])C([H])([H])C2([H])N([H])C(=O)C1([H])N(C(=O)C([H])(N([H])C(=O)C([H])(N([H])C([H])([H])[H])C([H])([H])[H])C(C([H])([H])[H])(C([H])([H])[H])C([H])([H])[H])C([H])([H])c2c([H])c(OC([H])([H])C([H])([H])[N+]([H])([H])C3([H])C([H])([H])C([H])([H])C4(C([H])([H])[H])c5c(C([H])([H])[H])c(C([H])([H])[H])c(C(=O)N6C([H])([H])C([H])([H])C([H])([H])C([H])(n7nc(-c8c([H])c([H])c(Oc9c([H])c([H])c(F)c([H])c9F)c([H])c8[H])c(C(=O)N([H])[H])c7N([H])[H])C6([H])[H])c([H])c5C([H])([H])C([H])([H])C([H])([H])C43[H])c([H])c([H])c2C1([H])[H],True
42,0,0,42,-13.444,[H]c1c([H])c([H])c2c(c1[H])C([H])([H])C([H])([H])C([H])([H])C2([H])N([H])C(=O)C1([H])N(C(=O)C([H])(N([H])C(=O)C([H])(N([H])C([H])([H])[H])C([H])([H])[H])C(C([H])([H])[H])(C([H])([H])[H])C([H])([H])[H])C([H])([H])c2c([H])c(Oc3c([H])c([H])c(C([H])([H])C([H])([H])C([H])([H])C([H])([H])C(=O)N4C([H])([H])C([H])([H])C([H])([H])C([H])(n5nc(-c6c([H])c([H])c(Oc7c([H])c([H])c(F)c([H])c7F)c([H])c6[H])c(C(=O)N([H])[H])c5N([H])[H])C4([H])[H])c(OC([H])([H])[H])c3[H])c([H])c([H])c2C1([H])[H],True
43,0,0,43,-17.023,[H]c1c([H])c([H])c2c(c1[H])C([H])([H])C([H])([H])C([H])([H])C2([H])N([H])C(=O)C1([H])N(C(=O)C([H])(N([H])C(=O)C([H])(N([H])C([H])([H])[H])C([H])([H])[H])C(C([H])([H])[H])(C([H])([H])[H])C([H])([H])[H])C([H])([H])c2c([H])c(OC([H])([H])c3c([H])c([H])c4c(c3[H])C([H])(C(=O)N([H])[H])C([H])(C(=O)N3C([H])([H])C([H])([H])C([H])([H])C([H])(n5nc(-c6c([H])c([H])c(Oc7c([H])c([H])c(F)c([H])c7F)c([H])c6[H])c(C(=O)N([H])[H])c5N([H])[H])C3([H])[H])C([H])([H])C4([H])[H])c([H])c([H])c2C1([H])[H],True
44,0,0,44,-11.154,[H]c1c([H])c([H])c2c(c1[H])C([H])([H])C([H])([H])C([H])([H])C2([H])N([H])C(=O)C1([H])N(C(=O)C([H])(N([H])C(=O)C([H])(N([H])C([H])([H])[H])C([H])([H])[H])C(C([H])([H])[H])(C([H])([H])[H])C([H])([H])[H])C([H])([H])c2c([H])c(Oc3c([H])c([H])c(C4([H])C([H])([H])C(=O)c5c(C([H])([H])[H])c(C([H])([H])[H])c(C([H])([H])[H])c(C(=O)N6C([H])([H])C([H])([H])C([H])([H])C([H])(n7nc(-c8c([H])c([H])c(Oc9c([H])c([H])c(F)c([H])c9F)c([H])c8[H])c(C(=O)N([H])[H])c7N([H])[H])C6([H])[H])c5C4([H])[H])c([H])c3[H])c([H])c([H])c2C1([H])[H],True
45,0,0,45,-14.211,[H]c1c([H])c([H])c2c(c1[H])C([H])([H])C([H])([H])C([H])([H])C2([H])N([H])C(=O)C1([H])N(C(=O)C([H])(N([H])C(=O)C([H])(N([H])C([H])([H])[H])C([H])([H])[H])C(C([H])([H])[H])(C([H])([H])[H])C([H])([H])[H])C([H])([H])c2c([H])c(OC([H])([H])c3c([H])c(OC([H])([H])[H])c([H])c(C([H])([H])C([H])([H])N(C(=O)N4C([H])([H])C([H])([H])C([H])([H])C([H])(n5nc(-c6c([H])c([H])c(Oc7c([H])c([H])c(F)c([H])c7F)c([H])c6[H])c(C(=O)N([H])[H])c5N([H])[H])C4([H])[H])C([H])([H])[H])c3[H])c([H])c([H])c2C1([H])[H],True
46,0,0,46,-15.2,[H]Oc1c(C(=O)N2C([H])([H])C([H])([H])C([H])([H])C([H])(n3nc(-c4c([H])c([H])c(Oc5c([H])c([H])c(F)c([H])c5F)c([H])c4[H])c(C(=O)N([H])[H])c3N([H])[H])C2([H])[H])c([H])c([H])c([H])c1C1(C([H])([H])[H])N([H])C(=O)C([H])([H])C([H])(Oc2c([H])c([H])c3c(c2[H])C([H])([H])N(C(=O)C([H])(N([H])C(=O)C([H])(N([H])C([H])([H])[H])C([H])([H])[H])C(C([H])([H])[H])(C([H])([H])[H])C([H])([H])[H])C([H])(C(=O)N([H])C2([H])c4c([H])c([H])c([H])c([H])c4C([H])([H])C([H])([H])C2([H])[H])C3([H])[H])C1([H])[H],True
47,0,0,47,-13.951,[H]c1c([H])c([H])c2c(c1[H])C([H])([H])C([H])([H])C([H])([H])C2([H])N([H])C(=O)C1([H])N(C(=O)C([H])(N([H])C(=O)C([H])(N([H])C([H])([H])[H])C([H])([H])[H])C(C([H])([H])[H])(C([H])([H])[H])C([H])([H])[H])C([H])([H])c2c([H])c(Oc3c([H])c(C([H])([H])[H])c(C(=O)N([H])C([H])([H])C([H])([H])C([H])([H])C(=O)N4C([H])([H])C([H])([H])C([H])([H])C([H])(n5nc(-c6c([H])c([H])c(Oc7c([H])c([H])c(F)c([H])c7F)c([H])c6[H])c(C(=O)N([H])[H])c5N([H])[H])C4([H])[H])c([H])c3C([H])([H])[H])c([H])c([H])c2C1([H])[H],True
48,0,0,48,-3.708,[H]Oc1c([H])c([H])c(C([H])([H])C([H])([H])C([H])([H])C([H])([H])C([H])([H])C([H])([H])C([H])([H])C(=O)N2C([H])([H])C([H])([H])C([H])([H])C([H])(n3nc(-c4c([H])c([H])c(Oc5c([H])c([H])c(F)c([H])c5F)c([H])c4[H])c(C(=O)N([H])[H])c3N([H])[H])C2([H])[H])c([H])c1C(=O)N([H])C([H])([H])C([H])([H])Oc1c([H])c([H])c2c(c1[H])C([H])([H])N(C(=O)C([H])(N([H])C(=O)C([H])(N([H])C([H])([H])[H])C([H])([H])[H])C(C([H])([H])[H])(C([H])([H])[H])C([H])([H])[H])C([H])(C(=O)N([H])C1([H])c3c([H])c([H])c([H])c([H])c3C([H])([H])C([H])([H])C1([H])[H])C2([H])[H],True
49,0,0,49,-14.466,[H]Oc1c([H])c([H])c(Oc2c([H])c([H])c3c(c2[H])C([H])([H])N(C(=O)C([H])(N([H])C(=O)C([H])(N([H])C([H])([H])[H])C([H])([H])[H])C(C([H])([H])[H])(C([H])([H])[H])C([H])([H])[H])C([H])(C(=O)N([H])C2([H])c4c([H])c([H])c([H])c([H])c4C([H])([H])C([H])([H])C2([H])[H])C3([H])[H])c([H])c1C1=C([H])C([H])([H])C([H])(N([H])C(=O)N2C([H])([H])C([H])([H])C([H])([H])C([H])(n3nc(-c4c([H])c([H])c(Oc5c([H])c([H])c(F)c([H])c5F)c([H])c4[H])c(C(=O)N([H])[H])c3N([H])[H])C2([H])[H])C([H])([H])C1([H])[H],True
50,0,0,50,19.837,[H]c1c([H])c([H])c2c(c1[H])C([H])([H])C([H])([H])C([H])([H])C2([H])N([H])C(=O)C1([H])N(C(=O)C([H])(N([H])C(=O)C([H])(N([H])C([H])([H])[H])C([H])([H])[H])C(C([H])([H])[H])(C([H])([H])[H])C([H])([H])[H])C([H])([H])c2c([H])c(Oc3c(F)c([H])c4c(C([H])([H])C([H])([H])C([H])(N([H])C(=O)N5C([H])([H])C([H])([H])C([H])([H])C([H])(n6nc(-c7c([H])c([H])c(Oc8c([H])c([H])c(F)c([H])c8F)c([H])c7[H])c(C(=O)N([H])[H])c6N([H])[H])C5([H])[H])C([H])([H])[H])c5c(c([H])c4c3[H])C([H])([H])C([H])([H])C([H])([H])C5([H])[H])c([H])c([H])c2C1([H])[H],True
51,0,0,51,-11.097,[H]OC([H])(c1c([H])c(C([H])=C([H])C(=O)N2C([H])([H])C([H])([H])C([H])([H])C([H])(n3nc(-c4c([H])c([H])c(Oc5c([H])c([H])c(F)c([H])c5F)c([H])c4[H])c(C(=O)N([H])[H])c3N([H])[H])C2([H])[H])c([H])c([H])c1C([H])([H])[H])C([H])([H])C([H])([H])Oc1c([H])c([H])c2c(c1[H])C([H])([H])N(C(=O)C([H])(N([H])C(=O)C([H])(N([H])C([H])([H])[H])C([H])([H])[H])C(C([H])([H])[H])(C([H])([H])[H])C([H])([H])[H])C([H])(C(=O)N([H])C1([H])c3c([H])c([H])c([H])c([H])c3C([H])([H])C([H])([H])C1([H])[H])C2([H])[H],True
52,0,0,52,-9.942,[H]c1c([H])c([H])c2c(c1[H])C([H])([H])C([H])([H])C([H])([H])C2([H])N([H])C(=O)C1([H])N(C(=O)C([H])(N([H])C(=O)C([H])(N([H])C([H])([H])[H])C([H])([H])[H])C(C([H])([H])[H])(C([H])([H])[H])C([H])([H])[H])C([H])([H])c2c([H])c(Oc3c([H])c(C(=O)N([H])C([H])([H])C([H])([H])C(=O)N4C([H])([H])C([H])([H])C([H])([H])C([H])(n5nc(-c6c([H])c([H])c(Oc7c([H])c([H])c(F)c([H])c7F)c([H])c6[H])c(C(=O)N([H])[H])c5N([H])[H])C4([H])[H])c(C([H])([H])[H])c(C([H])([H])[H])c3[H])c([H])c([H])c2C1([H])[H],True
53,0,0,53,-15.768,[H]Oc1c([H])c(C(=O)N([H])C(=O)N2C([H])([H])C([H])([H])C([H])([H])C([H])(n3nc(-c4c([H])c([H])c(Oc5c([H])c([H])c(F)c([H])c5F)c([H])c4[H])c(C(=O)N([H])[H])c3N([H])[H])C2([H])[H])c(C([H])([H])[H])c([H])c1C([H])([H])Oc1c([H])c([H])c2c(c1[H])C([H])([H])N(C(=O)C([H])(N([H])C(=O)C([H])(N([H])C([H])([H])[H])C([H])([H])[H])C(C([H])([H])[H])(C([H])([H])[H])C([H])([H])[H])C([H])(C(=O)N([H])C1([H])c3c([H])c([H])c([H])c([H])c3C([H])([H])C([H])([H])C1([H])[H])C2([H])[H],True
54,0,0,54,-5.884,[H]c1c([H])c([H])c2c(c1[H])C([H])([H])C([H])([H])C([H])([H])C2([H])N([H])C(=O)C1([H])N(C(=O)C([H])(N([H])C(=O)C([H])(N([H])C([H])([H])[H])C([H])([H])[H])C(C([H])([H])[H])(C([H])([H])[H])C([H])([H])[H])C([H])([H])c2c([H])c(OC([H])([H])C3(C([H])([H])[H])C([H])([H])c4c([H])c([H])c(C([H])([H])C([H])([H])C([H])([H])C([H])([H])N(C(=O)N5C([H])([H])C([H])([H])C([H])([H])C([H])(n6nc(-c7c([H])c([H])c(Oc8c([H])c([H])c(F)c([H])c8F)c([H])c7[H])c(C(=O)N([H])[H])c6N([H])[H])C5([H])[H])C([H])([H])[H])c([H])c4C([H])([H])C3([H])[H])c([H])c([H])c2C1([H])[H],True
55,0,0,55,-15.875,[H]c1c([H])c([H])c2c(c1[H])C([H])([H])C([H])([H])C([H])([H])C2([H])N([H])C(=O)C1([H])N(C(=O)C([H])(N([H])C(=O)C([H])(N([H])C([H])([H])[H])C([H])([H])[H])C(C([H])([H])[H])(C([H])([H])[H])C([H])([H])[H])C([H])([H])c2c([H])c(Oc3c([H])c(OC([H])([H])[H])c([H])c(C(=O)C(N([H])C(=O)N4C([H])([H])C([H])([H])C([H])([H])C([H])(n5nc(-c6c([H])c([H])c(Oc7c([H])c([H])c(F)c([H])c7F)c([H])c6[H])c(C(=O)N([H])[H])c5N([H])[H])C4([H])[H])=[N+]([H])[H])c3[H])c([H])c([H])c2C1([H])[H],True
56,0,0,56,-15.45,[H]c1c([H])c([H])c2c(c1[H])C([H])([H])C([H])([H])C([H])([H])C2([H])N([H])C(=O)C1([H])N(C(=O)C([H])(N([H])C(=O)C([H])(N([H])C([H])([H])[H])C([H])([H])[H])C(C([H])([H])[H])(C([H])([H])[H])C([H])([H])[H])C([H])([H])c2c([H])c(Oc3c([H])c([H])c(C([H])([H])C(=NC(=O)N4C([H])([H])C([H])([H])C([H])([H])C([H])(n5nc(-c6c([H])c([H])c(Oc7c([H])c([H])c(F)c([H])c7F)c([H])c6[H])c(C(=O)N([H])[H])c5N([H])[H])C4([H])[H])C([H])([H])[H])c([H])c3[H])c([H])c([H])c2C1([H])[H],True
57,0,0,57,-14.639,[H]c1c([H])c([H])c2c(c1[H])C([H])([H])C([H])([H])C([H])([H])C2([H])N([H])C(=O)C1([H])N(C(=O)C([H])(N([H])C(=O)C([H])(N([H])C([H])([H])[H])C([H])([H])[H])C(C([H])([H])[H])(C([H])([H])[H])C([H])([H])[H])C([H])([H])c2c([H])c(OC3([H])C([H])([H])C([H])([H])C4(C([H])([H])[H])C([H])([H])c5c([H])c(C([H])([H])[H])c([H])c(C(=O)N6C([H])([H])C([H])([H])C([H])([H])C([H])(n7nc(-c8c([H])c([H])c(Oc9c([H])c([H])c(F)c([H])c9F)c([H])c8[H])c(C(=O)N([H])[H])c7N([H])[H])C6([H])[H])c5C4([H])C3([H])[H])c([H])c([H])c2C1([H])[H],True
58,0,0,58,-9.933,[H]Oc1c([H])c(C([H])([H])[H])c(C([H])([H])C([H])([H])[H])c(C([H])([H])C([H])([H])C2([H])C([H])([H])N(C(=O)N3C([H])([H])C([H])([H])C([H])([H])C([H])(n4nc(-c5c([H])c([H])c(Oc6c([H])c([H])c(F)c([H])c6F)c([H])c5[H])c(C(=O)N([H])[H])c4N([H])[H])C3([H])[H])C([H])([H])C2([H])[H])c1Oc1c([H])c([H])c2c(c1[H])C([H])([H])N(C(=O)C([H])(N([H])C(=O)C([H])(N([H])C([H])([H])[H])C([H])([H])[H])C(C([H])([H])[H])(C([H])([H])[H])C([H])([H])[H])C([H])(C(=O)N([H])C1([H])c3c([H])c([H])c([H])c([H])c3C([H])([H])C([H])([H])C1([H])[H])C2([H])[H],True
59,0,0,59,-14.844,[H]c1c([H])c([H])c2c(c1[H])C([H])([H])C([H])([H])C([H])([H])C2([H])N([H])C(=O)C1([H])N(C(=O)C([H])(N([H])C(=O)C([H])(N([H])C([H])([H])[H])C([H])([H])[H])C(C([H])([H])[H])(C([H])([H])[H])C([H])([H])[H])C([H])([H])c2c([H])c(Oc3c([H])c(C([H])([H])C([H])([H])C([H])([H])N(C(=O)N4C([H])([H])C([H])([H])C([H])([H])C([H])(n5nc(-c6c([H])c([H])c(Oc7c([H])c([H])c(F)c([H])c7F)c([H])c6[H])c(C(=O)N([H])[H])c5N([H])[H])C4([H])[H])C([H])([H])[H])c([H])c([H])c3C([H])([H])[H])c([H])c([H])c2C1([H])[H],True
60,0,0,60,2.49,[H]c1c([H])c([H])c2c(c1[H])C([H])([H])C([H])([H])C([H])([H])C2([H])N([H])C(=O)C1([H])N(C(=O)C([H])(N([H])C(=O)C([H])(N([H])C([H])([H])[H])C([H])([H])[H])C(C([H])([H])[H])(C([H])([H])[H])C([H])([H])[H])C([H])([H])c2c([H])c(Oc3c(C([H])([H])[H])c(C([H])([H])[H])c4c(c3C([H])([H])[H])C(C([H])([H])[H])(C([H])([H])[H])N(C(=O)N3C([H])([H])C([H])([H])C([H])([H])C([H])(n5nc(-c6c([H])c([H])c(Oc7c([H])c([H])c(F)c([H])c7F)c([H])c6[H])c(C(=O)N([H])[H])c5N([H])[H])C3([H])[H])C(C([H])([H])[H])(C([H])([H])[H])C4([H])[H])c([H])c([H])c2C1([H])[H],True
61,0,0,61,-13.49,[H]c1sc(C([H])([H])C(=O)N2C([H])([H])C([H])([H])C([H])([H])C([H])(n3nc(-c4c([H])c([H])c(Oc5c([H])c([H])c(F)c([H])c5F)c([H])c4[H])c(C(=O)N([H])[H])c3N([H])[H])C2([H])[H])c([H])c1C(=O)c1c([H])c([H])c(F)c(C([H])([H])Oc2c([H])c([H])c3c(c2[H])C([H])([H])N(C(=O)C([H])(N([H])C(=O)C([H])(N([H])C([H])([H])[H])C([H])([H])[H])C(C([H])([H])[H])(C([H])([H])[H])C([H])([H])[H])C([H])(C(=O)N([H])C2([H])c4c([H])c([H])c([H])c([H])c4C([H])([H])C([H])([H])C2([H])[H])C3([H])[H])c1[H],True
62,0,0,62,-15.005,[H]c1c([H])c([H])c2c(c1[H])C([H])([H])C([H])([H])C([H])([H])C2([H])N([H])C(=O)C1([H])N(C(=O)C([H])(N([H])C(=O)C([H])(N([H])C([H])([H])[H])C([H])([H])[H])C(C([H])([H])[H])(C([H])([H])[H])C([H])([H])[H])C([H])([H])c2c([H])c(OC([H])([H])c3c([H])c([H])c(C(=O)N(C(=O)N4C([H])([H])C([H])([H])C([H])([H])C([H])(n5nc(-c6c([H])c([H])c(Oc7c([H])c([H])c(F)c([H])c7F)c([H])c6[H])c(C(=O)N([H])[H])c5N([H])[H])C4([H])[H])C([H])([H])C([H])([H])[H])c([H])c3[H])c([H])c([H])c2C1([H])[H],True
63,0,0,63,-14.343,[H]c1c([H])c([H])c2c(c1[H])C([H])([H])C([H])([H])C([H])([H])C2([H])N([H])C(=O)C1([H])N(C(=O)C([H])(N([H])C(=O)C([H])(N([H])C([H])([H])[H])C([H])([H])[H])C(C([H])([H])[H])(C([H])([H])[H])C([H])([H])[H])C([H])([H])c2c([H])c(OC([H])([H])C([H])([H])[N+]([H])([H])C3([H])C(=O)c4c(C([H])([H])[H])c([H])c(C(=O)N5C([H])([H])C([H])([H])C([H])([H])C([H])(n6nc(-c7c([H])c([H])c(Oc8c([H])c([H])c(F)c([H])c8F)c([H])c7[H])c(C(=O)N([H])[H])c6N([H])[H])C5([H])[H])c([H])c4C([H])([H])C([H])([H])C3([H])[H])c([H])c([H])c2C1([H])[H],True
64,0,0,64,-9.113,[H]c1sc(Oc2c([H])c([H])c3c(c2[H])C([H])([H])N(C(=O)C([H])(N([H])C(=O)C([H])(N([H])C([H])([H])[H])C([H])([H])[H])C(C([H])([H])[H])(C([H])([H])[H])C([H])([H])[H])C([H])(C(=O)N([H])C2([H])c4c([H])c([H])c([H])c([H])c4C([H])([H])C([H])([H])C2([H])[H])C3([H])[H])c(C([H])([H])[H])c1C(=O)N([H])C([H])([H])C([H])([H])C([H])([H])C(=O)N1C([H])([H])C([H])([H])C([H])([H])C([H])(n2nc(-c3c([H])c([H])c(Oc4c([H])c([H])c(F)c([H])c4F)c([H])c3[H])c(C(=O)N([H])[H])c2N([H])[H])C1([H])[H],True
65,0,0,65,-14.146,[H]c1c([H])c([H])c2c(c1[H])C([H])([H])C([H])([H])C([H])([H])C2([H])N([H])C(=O)C1([H])N(C(=O)C([H])(N([H])C(=O)C([H])(N([H])C([H])([H])[H])C([H])([H])[H])C(C([H])([H])[H])(C([H])([H])[H])C([H])([H])[H])C([H])([H])c2c([H])c(Oc3c([H])c([H])c(C4([H])C([H])([H])C(=C(C(=O)N5C([H])([H])C([H])([H])C([H])([H])C([H])(n6nc(-c7c([H])c([H])c(Oc8c([H])c([H])c(F)c([H])c8F)c([H])c7[H])c(C(=O)N([H])[H])c6N([H])[H])C5([H])[H])C([H])([H])[H])C([H])([H])C([H])([H])C4([H])[H])c([H])c3[H])c([H])c([H])c2C1([H])[H],True
66,0,0,66,-12.148,[H]c1c([H])c([H])c2c(c1[H])C([H])([H])C([H])([H])C([H])([H])C2([H])N([H])C(=O)C1([H])N(C(=O)C([H])(N([H])C(=O)C([H])(N([H])C([H])([H])[H])C([H])([H])[H])C(C([H])([H])[H])(C([H])([H])[H])C([H])([H])[H])C([H])([H])c2c([H])c(Oc3c([H])c(C([H])([H])[H])c([H])c(C([H])([H])C([H])(C(=O)N([H])C([H])([H])C([H])([H])C(=O)N4C([H])([H])C([H])([H])C([H])([H])C([H])(n5nc(-c6c([H])c([H])c(Oc7c([H])c([H])c(F)c([H])c7F)c([H])c6[H])c(C(=O)N([H])[H])c5N([H])[H])C4([H])[H])C([H])([H])[H])c3[H])c([H])c([H])c2C1([H])[H],True
67,0,0,67,-11.871,[H]c1c([H])c([H])c(C(=O)N([H])C([H])([H])C([H])([H])C([H])([H])C([H])([H])C([H])([H])C(=O)N2C([H])([H])C([H])([H])C([H])([H])C([H])(n3nc(-c4c([H])c([H])c(Oc5c([H])c([H])c(F)c([H])c5F)c([H])c4[H])c(C(=O)N([H])[H])c3N([H])[H])C2([H])[H])c(Oc2c([H])c([H])c3c(c2[H])C([H])([H])N(C(=O)C([H])(N([H])C(=O)C([H])(N([H])C([H])([H])[H])C([H])([H])[H])C(C([H])([H])[H])(C([H])([H])[H])C([H])([H])[H])C([H])(C(=O)N([H])C2([H])c4c([H])c([H])c([H])c([H])c4C([H])([H])C([H])([H])C2([H])[H])C3([H])[H])c1[H],True
68,0,0,68,-14.896,[H]c1c([H])c([H])c2c(c1[H])C([H])([H])C([H])([H])C([H])([H])C2([H])N([H])C(=O)C1([H])N(C(=O)C([H])(N([H])C(=O)C([H])(N([H])C([H])([H])[H])C([H])([H])[H])C(C([H])([H])[H])(C([H])([H])[H])C([H])([H])[H])C([H])([H])c2c([H])c(OC3([H])c4c([H])c(C([H])([H])C([H])([H])C(=O)N([H])C(=O)N5C([H])([H])C([H])([H])C([H])([H])C([H])(n6nc(-c7c([H])c([H])c(Oc8c([H])c([H])c(F)c([H])c8F)c([H])c7[H])c(C(=O)N([H])[H])c6N([H])[H])C5([H])[H])c(F)c([H])c4C(=O)C([H])([H])C3([H])[H])c([H])c([H])c2C1([H])[H],True
69,0,0,69,-14.781,[H]c1c([H])c([H])c2c(c1[H])C([H])([H])C([H])([H])C([H])([H])C2([H])N([H])C(=O)C1([H])N(C(=O)C([H])(N([H])C(=O)C([H])(N([H])C([H])([H])[H])C([H])([H])[H])C(C([H])([H])[H])(C([H])([H])[H])C([H])([H])[H])C([H])([H])c2c([H])c(OC3([H])C([H])([H])C([H])([H])C([H])([H])C4(C([H])([H])C([H])([H])C([H])(c5c([H])c([H])c(C(=O)N6C([H])([H])C([H])([H])C([H])([H])C([H])(n7nc(-c8c([H])c([H])c(Oc9c([H])c([H])c(F)c([H])c9F)c([H])c8[H])c(C(=O)N([H])[H])c7N([H])[H])C6([H])[H])c([H])c5[H])C4([H])[H])C3([H])[H])c([H])c([H])c2C1([H])[H],True
70,0,0,70,-12.911,[H]c1c([H])c([H])c2c(c1[H])C([H])([H])C([H])([H])C([H])([H])C2([H])N([H])C(=O)C1([H])N(C(=O)C([H])(N([H])C(=O)C([H])(N([H])C([H])([H])[H])C([H])([H])[H])C(C([H])([H])[H])(C([H])([H])[H])C([H])([H])[H])C([H])([H])c2c([H])c(OC([H])([H])C([H])([H])N([H])C(=O)c3c([H])c(C([H])([H])C([H])([H])C([H])([H])N(C(=O)N4C([H])([H])C([H])([H])C([H])([H])C([H])(n5nc(-c6c([H])c([H])c(Oc7c([H])c([H])c(F)c([H])c7F)c([H])c6[H])c(C(=O)N([H])[H])c5N([H])[H])C4([H])[H])C([H])([H])[H])c([H])c(C([H])([H])[H])c3F)c([H])c([H])c2C1([H])[H],True
71,0,0,71,-13.577,[H]c1c([H])c([H])c2c(c1[H])C([H])([H])C([H])([H])C([H])([H])C2([H])N([H])C(=O)C1([H])N(C(=O)C([H])(N([H])C(=O)C([H])(N([H])C([H])([H])[H])C([H])([H])[H])C(C([H])([H])[H])(C([H])([H])[H])C([H])([H])[H])C([H])([H])c2c([H])c(OC3([H])c4c([H])c([H])c(C([H])([H])C([H])([H])C([H])([H])C([H])([H])N([H])C(=O)N5C([H])([H])C([H])([H])C([H])([H])C([H])(n6nc(-c7c([H])c([H])c(Oc8c([H])c([H])c(F)c([H])c8F)c([H])c7[H])c(C(=O)N([H])[H])c6N([H])[H])C5([H])[H])c([H])c4C([H])([H])C([H])([H])C([H])([H])C3([H])[H])c([H])c([H])c2C1([H])[H],True
72,0,0,72,-15.255,[H]c1c([H])c([H])c2c(c1[H])C([H])([H])C([H])([H])C([H])([H])C2([H])N([H])C(=O)C1([H])N(C(=O)C([H])(N([H])C(=O)C([H])(N([H])C([H])([H])[H])C([H])([H])[H])C(C([H])([H])[H])(C([H])([H])[H])C([H])([H])[H])C([H])([H])c2c([H])c(Oc3c([H])c(C([H])([H])C([H])([H])N([H])C(=O)N4C([H])([H])C([H])([H])C([H])([H])C([H])(n5nc(-c6c([H])c([H])c(Oc7c([H])c([H])c(F)c([H])c7F)c([H])c6[H])c(C(=O)N([H])[H])c5N([H])[H])C4([H])[H])c([H])c([H])c3N([H])[H])c([H])c([H])c2C1([H])[H],True
73,0,0,73,-14.767,[H]c1c([H])c([H])c2c(c1[H])C([H])([H])C([H])([H])C([H])([H])C2([H])N([H])C(=O)C1([H])N(C(=O)C([H])(N([H])C(=O)C([H])(N([H])C([H])([H])[H])C([H])([H])[H])C(C([H])([H])[H])(C([H])([H])[H])C([H])([H])[H])C([H])([H])c2c([H])c(OC3([H])c4c([H])c([H])c(C([H])([H])C([H])(N([H])C(=O)N5C([H])([H])C([H])([H])C([H])([H])C([H])(n6nc(-c7c([H])c([H])c(Oc8c([H])c([H])c(F)c([H])c8F)c([H])c7[H])c(C(=O)N([H])[H])c6N([H])[H])C5([H])[H])C([H])([H])[H])c([H])c4C([H])([H])C3([H])[H])c([H])c([H])c2C1([H])[H],True
74,0,0,74,-14.457,[H]c1c([H])c([H])c2c(c1[H])C([H])([H])C([H])([H])C([H])([H])C2([H])N([H])C(=O)C1([H])N(C(=O)C([H])(N([H])C(=O)C([H])(N([H])C([H])([H])[H])C([H])([H])[H])C(C([H])([H])[H])(C([H])([H])[H])C([H])([H])[H])C([H])([H])c2c([H])c(Oc3c([H])c(C([H])([H])[H])c([H])c(C(=O)C([H])([H])C([H])([H])C(=O)N4C([H])([H])C([H])([H])C([H])([H])C([H])(n5nc(-c6c([H])c([H])c(Oc7c([H])c([H])c(F)c([H])c7F)c([H])c6[H])c(C(=O)N([H])[H])c5N([H])[H])C4([H])[H])c3C([H])([H])[H])c([H])c([H])c2C1([H])[H],True
75,0,0,75,-16.26,[H]c1c([H])c([H])c2c(c1[H])C([H])([H])C([H])([H])C([H])([H])C2([H])N([H])C(=O)C1([H])N(C(=O)C([H])(N([H])C(=O)C([H])(N([H])C([H])([H])[H])C([H])([H])[H])C(C([H])([H])[H])(C([H])([H])[H])C([H])([H])[H])C([H])([H])c2c([H])c(OC([H])([H])C34C([H])([H])C([H])([H])C(C(=O)N5C([H])([H])C([H])([H])C([H])([H])C([H])(n6nc(-c7c([H])c([H])c(Oc8c([H])c([H])c(F)c([H])c8F)c([H])c7[H])c(C(=O)N([H])[H])c6N([H])[H])C5([H])[H])(C([H])([H])C([H])(C([H])([H])[H])C3([H])[H])C4([H])[H])c([H])c([H])c2C1([H])[H],True
76,0,0,76,-12.852,[H]c1c([H])c([H])c2c(c1[H])C([H])([H])C([H])([H])C([H])([H])C2([H])N([H])C(=O)C1([H])N(C(=O)C([H])(N([H])C(=O)C([H])(N([H])C([H])([H])[H])C([H])([H])[H])C(C([H])([H])[H])(C([H])([H])[H])C([H])([H])[H])C([H])([H])c2c([H])c(OC([H])([H])C([H])([H])[N+]([H])([H])C3([H])C(=O)c4c(C(=O)N5C([H])([H])C([H])([H])C([H])([H])C([H])(n6nc(-c7c([H])c([H])c(Oc8c([H])c([H])c(F)c([H])c8F)c([H])c7[H])c(C(=O)N([H])[H])c6N([H])[H])C5([H])[H])c(C([H])([H])[H])c([H])c([H])c4C3([H])C([H])([H])[H])c([H])c([H])c2C1([H])[H],True
77,0,0,77,-15.048,[H]c1c([H])c([H])c2c(c1[H])C([H])([H])C([H])([H])C([H])([H])C2([H])N([H])C(=O)C1([H])N(C(=O)C([H])(N([H])C(=O)C([H])(N([H])C([H])([H])[H])C([H])([H])[H])C(C([H])([H])[H])(C([H])([H])[H])C([H])([H])[H])C([H])([H])c2c([H])c(Oc3c([H])c(C([H])([H])C([H])([H])C([H])([H])N([H])C(=O)N4C([H])([H])C([H])([H])C([H])([H])C([H])(n5nc(-c6c([H])c([H])c(Oc7c([H])c([H])c(F)c([H])c7F)c([H])c6[H])c(C(=O)N([H])[H])c5N([H])[H])C4([H])[H])c([H])c(C([H])([H])[H])c3C([H])([H])[H])c([H])c([H])c2C1([H])[H],True
78,0,0,78,-12.894,[H]Oc1c(Oc2c([H])c([H])c3c(c2[H])C([H])([H])N(C(=O)C([H])(N([H])C(=O)C([H])(N([H])C([H])([H])[H])C([H])([H])[H])C(C([H])([H])[H])(C([H])([H])[H])C([H])([H])[H])C([H])(C(=O)N([H])C2([H])c4c([H])c([H])c([H])c([H])c4C([H])([H])C([H])([H])C2([H])[H])C3([H])[H])c([H])c(C([H])([H])C([H])([H])C([H])([H])N([H])C(=O)N2C([H])([H])C([H])([H])C([H])([H])C([H])(n3nc(-c4c([H])c([H])c(Oc5c([H])c([H])c(F)c([H])c5F)c([H])c4[H])c(C(=O)N([H])[H])c3N([H])[H])C2([H])[H])c([H])c1C([H])([H])C([H])([H])C([H])([H])[H],True
79,0,0,79,-16.332,[H]OC(=C([H])C(=O)N1C([H])([H])C([H])([H])C([H])([H])C([H])(n2nc(-c3c([H])c([H])c(Oc4c([H])c([H])c(F)c([H])c4F)c([H])c3[H])c(C(=O)N([H])[H])c2N([H])[H])C1([H])[H])c1c([H])c(Oc2c([H])c([H])c3c(c2[H])C([H])([H])N(C(=O)C([H])(N([H])C(=O)C([H])(N([H])C([H])([H])[H])C([H])([H])[H])C(C([H])([H])[H])(C([H])([H])[H])C([H])([H])[H])C([H])(C(=O)N([H])C2([H])c4c([H])c([H])c([H])c([H])c4C([H])([H])C([H])([H])C2([H])[H])C3([H])[H])c([H])c(C([H])([H])[H])c1F,True
80,0,0,80,-12.399,[H]c1c([H])c([H])c2c(c1[H])C([H])([H])C([H])([H])C([H])([H])C2([H])N([H])C(=O)C1([H])N(C(=O)C([H])(N([H])C(=O)C([H])(N([H])C([H])([H])[H])C([H])([H])[H])C(C([H])([H])[H])(C([H])([H])[H])C([H])([H])[H])C([H])([H])c2c([H])c(Oc3sc(C([H])([H])C([H])([H])C([H])([H])C([H])([H])C([H])([H])N([H])C(=O)N4C([H])([H])C([H])([H])C([H])([H])C([H])(n5nc(-c6c([H])c([H])c(Oc7c([H])c([H])c(F)c([H])c7F)c([H])c6[H])c(C(=O)N([H])[H])c5N([H])[H])C4([H])[H])c(C([H])([H])[H])c3C([H])([H])[H])c([H])c([H])c2C1([H])[H],True
81,0,0,81,-13.244,[H]c1c([H])c([H])c2c(c1[H])C([H])([H])C([H])([H])C([H])([H])C2([H])N([H])C(=O)C1([H])N(C(=O)C([H])(N([H])C(=O)C([H])(N([H])C([H])([H])[H])C([H])([H])[H])C(C([H])([H])[H])(C([H])([H])[H])C([H])([H])[H])C([H])([H])c2c([H])c(Oc3c([H])c([H])c(C([H])([H])C([H])([H])C([H])([H])N(C(=O)N4C([H])([H])C([H])([H])C([H])([H])C([H])(n5nc(-c6c([H])c([H])c(Oc7c([H])c([H])c(F)c([H])c7F)c([H])c6[H])c(C(=O)N([H])[H])c5N([H])[H])C4([H])[H])C([H])([H])C([H])([H])[H])c([H])c3[H])c([H])c([H])c2C1([H])[H],True
82,0,0,82,-13.076,[H]c1c([H])c([H])c2c(c1[H])C([H])([H])C([H])([H])C([H])([H])C2([H])N([H])C(=O)C1([H])N(C(=O)C([H])(N([H])C(=O)C([H])(N([H])C([H])([H])[H])C([H])([H])[H])C(C([H])([H])[H])(C([H])([H])[H])C([H])([H])[H])C([H])([H])c2c([H])c(OC([H])([H])c3c([H])c(C(=O)N(C([H])([H])[H])C([H])([H])C([H])([H])C(=O)N4C([H])([H])C([H])([H])C([H])([H])C([H])(n5nc(-c6c([H])c([H])c(Oc7c([H])c([H])c(F)c([H])c7F)c([H])c6[H])c(C(=O)N([H])[H])c5N([H])[H])C4([H])[H])c([H])c([H])c3C([H])([H])[H])c([H])c([H])c2C1([H])[H],True
83,0,0,83,-13.518,[H]c1c([H])c([H])c2c(c1[H])C([H])([H])C([H])([H])C([H])([H])C2([H])N([H])C(=O)C1([H])N(C(=O)C([H])(N([H])C(=O)C([H])(N([H])C([H])([H])[H])C([H])([H])[H])C(C([H])([H])[H])(C([H])([H])[H])C([H])([H])[H])C([H])([H])c2c([H])c(Oc3c(N([H])[H])c([H])c(C(=O)N([H])C([H])([H])C([H])([H])C([H])([H])C([H])([H])C(=O)N4C([H])([H])C([H])([H])C([H])([H])C([H])(n5nc(-c6c([H])c([H])c(Oc7c([H])c([H])c(F)c([H])c7F)c([H])c6[H])c(C(=O)N([H])[H])c5N([H])[H])C4([H])[H])c([H])c3C([H])([H])[H])c([H])c([H])c2C1([H])[H],True
84,0,0,84,-15.811,[H]c1c([H])c([H])c2c(c1[H])C([H])([H])C([H])([H])C([H])([H])C2([H])N([H])C(=O)C1([H])N(C(=O)C([H])(N([H])C(=O)C([H])(N([H])C([H])([H])[H])C([H])([H])[H])C(C([H])([H])[H])(C([H])([H])[H])C([H])([H])[H])C([H])([H])c2c([H])c(Oc3c(C([H])([H])[H])c([H])c([H])c(C([H])([H])C([H])(N([H])C(=O)N4C([H])([H])C([H])([H])C([H])([H])C([H])(n5nc(-c6c([H])c([H])c(Oc7c([H])c([H])c(F)c([H])c7F)c([H])c6[H])c(C(=O)N([H])[H])c5N([H])[H])C4([H])[H])C([H])([H])[H])c3C([H])([H])[H])c([H])c([H])c2C1([H])[H],True
85,0,0,85,-15.63,[H]C([H])=C1C([H])([H])C([H])([H])C([H])([H])C([H])(c2c([H])c(Oc3c([H])c([H])c4c(c3[H])C([H])([H])N(C(=O)C([H])(N([H])C(=O)C([H])(N([H])C([H])([H])[H])C([H])([H])[H])C(C([H])([H])[H])(C([H])([H])[H])C([H])([H])[H])C([H])(C(=O)N([H])C3([H])c5c([H])c([H])c([H])c([H])c5C([H])([H])C([H])([H])C3([H])[H])C4([H])[H])c(F)c([H])c2C(=O)N([H])C(=O)N2C([H])([H])C([H])([H])C([H])([H])C([H])(n3nc(-c4c([H])c([H])c(Oc5c([H])c([H])c(F)c([H])c5F)c([H])c4[H])c(C(=O)N([H])[H])c3N([H])[H])C2([H])[H])C([H])([H])C1([H])[H],True
86,0,0,86,-14.005,[H]c1c([H])c([H])c2c(c1[H])C([H])([H])C([H])([H])C([H])([H])C2([H])N([H])C(=O)C1([H])N(C(=O)C([H])(N([H])C(=O)C([H])(N([H])C([H])([H])[H])C([H])([H])[H])C(C([H])([H])[H])(C([H])([H])[H])C([H])([H])[H])C([H])([H])c2c([H])c(OC([H])([H])C3([H])C([H])([H])c4c(sc(C(=O)N5C([H])([H])C([H])([H])C([H])([H])C([H])(n6nc(-c7c([H])c([H])c(Oc8c([H])c([H])c(F)c([H])c8F)c([H])c7[H])c(C(=O)N([H])[H])c6N([H])[H])C5([H])[H])c4C([H])([H])C([H])([H])[H])C([H])([H])C3([H])[H])c([H])c([H])c2C1([H])[H],True
87,0,0,87,-15.909,[H]c1c([H])c([H])c2c(c1[H])C([H])([H])C([H])([H])C([H])([H])C2([H])N([H])C(=O)C1([H])N(C(=O)C([H])(N([H])C(=O)C([H])(N([H])C([H])([H])[H])C([H])([H])[H])C(C([H])([H])[H])(C([H])([H])[H])C([H])([H])[H])C([H])([H])c2c([H])c(OC3([H])c4c([H])c([H])c(C([H])([H])C([H])([H])C(=O)N5C([H])([H])C([H])([H])C([H])([H])C([H])(n6nc(-c7c([H])c([H])c(Oc8c([H])c([H])c(F)c([H])c8F)c([H])c7[H])c(C(=O)N([H])[H])c6N([H])[H])C5([H])[H])c([H])c4C([H])([H])C3([H])[H])c([H])c([H])c2C1([H])[H],True
88,0,0,88,-12.871,[H]c1c([H])c([H])c2c(c1[H])C([H])([H])C([H])([H])C([H])([H])C2([H])N([H])C(=O)C1([H])N(C(=O)C([H])(N([H])C(=O)C([H])(N([H])C([H])([H])[H])C([H])([H])[H])C(C([H])([H])[H])(C([H])([H])[H])C([H])([H])[H])C([H])([H])c2c([H])c(Oc3c([H])c([H])c(C([H])(C([H])([H])[H])[N+]([H])([H])C([H])([H])C([H])([H])C([H])([H])C(=O)N4C([H])([H])C([H])([H])C([H])([H])C([H])(n5nc(-c6c([H])c([H])c(Oc7c([H])c([H])c(F)c([H])c7F)c([H])c6[H])c(C(=O)N([H])[H])c5N([H])[H])C4([H])[H])c(OC([H])([H])[H])c3[H])c([H])c([H])c2C1([H])[H],True
89,0,0,89,-11.202,[H]c1c([H])c([H])c2c(c1[H])C([H])([H])C([H])([H])C([H])([H])C2([H])N([H])C(=O)C1([H])N(C(=O)C([H])(N([H])C(=O)C([H])(N([H])C([H])([H])[H])C([H])([H])[H])C(C([H])([H])[H])(C([H])([H])[H])C([H])([H])[H])C([H])([H])c2c([H])c(Oc3c([H])c(C([H])(C([H])([H])[H])[N+]([H])([H])C([H])([H])C([H])([H])N([H])C(=O)N4C([H])([H])C([H])([H])C([H])([H])C([H])(n5nc(-c6c([H])c([H])c(Oc7c([H])c([H])c(F)c([H])c7F)c([H])c6[H])c(C(=O)N([H])[H])c5N([H])[H])C4([H])[H])c(C([H])([H])[H])c([H])c3C([H])([H])[H])c([H])c([H])c2C1([H])[H],True
91,0,0,91,-14.331,[H]c1c([H])c([H])c2c(c1[H])C([H])([H])C([H])([H])C([H])([H])C2([H])N([H])C(=O)C1([H])N(C(=O)C([H])(N([H])C(=O)C([H])(N([H])C([H])([H])[H])C([H])([H])[H])C(C([H])([H])[H])(C([H])([H])[H])C([H])([H])[H])C([H])([H])c2c([H])c(OC([H])([H])c3c([H])c(C([H])([H])C([H])([H])N(C(=O)N4C([H])([H])C([H])([H])C([H])([H])C([H])(n5nc(-c6c([H])c([H])c(Oc7c([H])c([H])c(F)c([H])c7F)c([H])c6[H])c(C(=O)N([H])[H])c5N([H])[H])C4([H])[H])C([H])([H])[H])c([H])c([H])c3N([H])[H])c([H])c([H])c2C1([H])[H],True
92,0,0,92,-12.476,[H]c1c([H])c([H])c2c(c1[H])C([H])([H])C([H])([H])C([H])([H])C2([H])N([H])C(=O)C1([H])N(C(=O)C([H])(N([H])C(=O)C([H])(N([H])C([H])([H])[H])C([H])([H])[H])C(C([H])([H])[H])(C([H])([H])[H])C([H])([H])[H])C([H])([H])c2c([H])c(Oc3c([H])c(C(=O)C([H])([H])C([H])([H])C([H])([H])N([H])C(=O)N4C([H])([H])C([H])([H])C([H])([H])C([H])(n5nc(-c6c([H])c([H])c(Oc7c([H])c([H])c(F)c([H])c7F)c([H])c6[H])c(C(=O)N([H])[H])c5N([H])[H])C4([H])[H])c([H])c4c3C([H])([H])C([H])([H])C4([H])[H])c([H])c([H])c2C1([H])[H],True
93,0,0,93,-14.156,[H]c1c([H])c([H])c2c(c1[H])C([H])([H])C([H])([H])C([H])([H])C2([H])N([H])C(=O)C1([H])N(C(=O)C([H])(N([H])C(=O)C([H])(N([H])C([H])([H])[H])C([H])([H])[H])C(C([H])([H])[H])(C([H])([H])[H])C([H])([H])[H])C([H])([H])c2c([H])c(OC3([H])C([H])([H])C([H])([H])C4(C([H])([H])[H])c5c([H])c(C([H])([H])C([H])([H])N([H])C(=O)N6C([H])([H])C([H])([H])C([H])([H])C([H])(n7nc(-c8c([H])c([H])c(Oc9c([H])c([H])c(F)c([H])c9F)c([H])c8[H])c(C(=O)N([H])[H])c7N([H])[H])C6([H])[H])c([H])c([H])c5C(=O)C4([H])C3([H])[H])c([H])c([H])c2C1([H])[H],True
94,0,0,94,-14.915,[H]c1c([H])c([H])c2c(c1[H])C([H])([H])C([H])([H])C([H])([H])C2([H])N([H])C(=O)C1([H])N(C(=O)C([H])(N([H])C(=O)C([H])(N([H])C([H])([H])[H])C([H])([H])[H])C(C([H])([H])[H])(C([H])([H])[H])C([H])([H])[H])C([H])([H])c2c([H])c(Oc3c(C([H])([H])[H])c([H])c(C([H])([H])C(=NC(=O)N4C([H])([H])C([H])([H])C([H])([H])C([H])(n5nc(-c6c([H])c([H])c(Oc7c([H])c([H])c(F)c([H])c7F)c([H])c6[H])c(C(=O)N([H])[H])c5N([H])[H])C4([H])[H])C([H])([H])[H])c([H])c3C([H])([H])[H])c([H])c([H])c2C1([H])[H],True
95,0,0,95,-14.933,[H]c1c([H])c([H])c2c(c1[H])C([H])([H])C([H])([H])C([H])([H])C2([H])N([H])C(=O)C1([H])N(C(=O)C([H])(N([H])C(=O)C([H])(N([H])C([H])([H])[H])C([H])([H])[H])C(C([H])([H])[H])(C([H])([H])[H])C([H])([H])[H])C([H])([H])c2c([H])c(Oc3c(C([H])([H])[H])c([H])c(C([H])([H])N(C(=O)N4C([H])([H])C([H])([H])C([H])([H])C([H])(n5nc(-c6c([H])c([H])c(Oc7c([H])c([H])c(F)c([H])c7F)c([H])c6[H])c(C(=O)N([H])[H])c5N([H])[H])C4([H])[H])C([H])([H])[H])c([H])c3C3([H])C([H])([H])C([H])([H])C(=O)C([H])([H])C3([H])[H])c([H])c([H])c2C1([H])[H],True
96,0,0,96,-9.698,[H]c1c([H])c([H])c2c(c1[H])C([H])([H])C([H])([H])C([H])([H])C2([H])N([H])C(=O)C1([H])N(C(=O)C([H])(N([H])C(=O)C([H])(N([H])C([H])([H])[H])C([H])([H])[H])C(C([H])([H])[H])(C([H])([H])[H])C([H])([H])[H])C([H])([H])c2c([H])c(OC([H])([H])C([H])([H])N([H])C(=O)C([H])([H])c3c(C([H])([H])[H])c([H])c4c(c3C([H])([H])[H])C([H])([H])C(C(=O)N3C([H])([H])C([H])([H])C([H])([H])C([H])(n5nc(-c6c([H])c([H])c(Oc7c([H])c([H])c(F)c([H])c7F)c([H])c6[H])c(C(=O)N([H])[H])c5N([H])[H])C3([H])[H])(C([H])([H])[H])C([H])([H])C4([H])[H])c([H])c([H])c2C1([H])[H],True
